"","normal_year","var_ex_GPP"
"1",2002,0.82262854772025
"2",2006,0.824235585321474
"3",2010,0.854282777579422
"4",2011,0.825938936567944
"5",2012,0.799543267231511
"6",2003,0.772343430839297
